"full_name","a","e","i","om","w","q","ad","per.y","data_arc","condition_code","n_obs_used","n_del_obs_used","n_dop_obs_used","H","diameter","albedo"
"  1566 Icarus (1949 MA)",1.078,0.8269,22.80,87.96,31.44,0.187,1.97,1.12,26339,0,1078,10,13,16.35,1.0,0.51
"  1620 Geographos (1951 RA)",1.246,0.3354,13.34,337.18,276.95,0.828,1.66,1.39,25738,0,4789,3,4,15.30,2.56,0.290
"  1862 Apollo (1932 HA)",1.471,0.5600,6.35,35.57,286.04,0.647,2.29,1.78,33329,0,2282,8,9,16.12,1.5,0.25
"  1981 Midas (1973 EA)",1.776,0.6501,39.83,356.86,267.83,0.622,2.93,2.37,17760,0,1077,12,1,15.22,3.4,
"  2101 Adonis (1936 CA)",1.874,0.7642,1.32,349.49,43.60,0.442,3.31,2.57,30790,0,119,0,5,18.64,0.6,
"  2102 Tantalus (1975 YA)",1.29,0.2993,64.00,94.36,61.53,0.904,1.68,1.47,16703,0,1387,1,0,16.00,1.649,0.245
"  2201 Oljato (1947 XC)",2.175,0.7130,2.52,74.99,98.23,0.624,3.72,3.21,32795,0,1120,0,5,15.25,1.80,0.4328
"  2340 Hathor (1976 UA)",0.8437,0.4499,5.86,211.31,40.08,0.464,1.22,0.775,15431,0,454,4,3,20.33,0.3,
"  3122 Florence (1981 ET3)",1.769,0.4233,22.15,336.06,27.86,1.020,2.52,2.35,15455,0,5047,6,0,14.04,4.9,0.231
"  3200 Phaethon (1983 TB)",1.271,0.8898,22.26,265.22,322.17,0.140,2.40,1.43,13875,0,5090,8,0,14.34,6.25,0.1066
"  3361 Orpheus (1982 HR)",1.211,0.3231,2.66,188.69,302.36,0.819,1.60,1.33,14537,0,1151,,,19.27,0.3,0.357
"  3362 Khufu (1984 QA)",0.9895,0.4685,9.92,152.43,55.05,0.526,1.45,0.984,7394,1,262,,,18.30,0.7,0.21
"  3671 Dionysus (1984 KD)",2.199,0.5413,13.53,82.08,204.29,1.009,3.39,3.26,13738,0,736,,,16.49,1.5,0.16
"  3757 Anagolay (1982 XB)",1.835,0.4458,3.87,74.95,17.21,1.017,2.65,2.49,13428,0,173,0,2,18.90,0.5,0.18
"  4015 Wilson-Harrington (1979 VA)",2.625,0.6317,2.80,266.78,95.44,0.967,4.28,4.25,26104,0,997,,,16.02,4,0.05
"  4034 Vishnu (1986 PA)",1.06,0.4440,11.17,157.91,296.72,0.589,1.53,1.09,12824,0,565,0,1,18.41,0.42,0.52
"  4179 Toutatis (1989 AC)",2.545,0.6243,0.45,125.22,277.97,0.956,4.13,4.06,32168,0,6592,35,28,15.24,5.4,0.405
"  4183 Cuno (1959 LM)",1.984,0.6352,6.68,294.67,236.61,0.724,3.24,2.79,22797,0,2659,1,0,14.13,3.651,0.097
"  4486 Mithra (1987 SB)",2.2,0.6626,3.04,82.24,168.90,0.742,3.66,3.26,12761,0,930,8,9,15.53,1.849,0.297
"  4660 Nereus (1982 DB)",1.486,0.3589,1.45,313.15,159.54,0.952,2.02,1.81,14771,0,2599,20,17,18.62,0.33,0.55
"  4769 Castalia (1989 PB)",1.063,0.4831,8.89,325.54,121.41,0.550,1.58,1.1,11663,0,336,8,7,17.48,1.4,0.092
"  5604 (1992 FE)",0.9286,0.4061,4.72,311.90,82.65,0.552,1.31,0.895,16041,0,940,6,0,17.27,0.55,0.48
"  6489 Golevka (1991 JX)",2.486,0.6125,2.27,209.49,68.66,0.963,4.01,3.92,8968,0,1017,20,20,19.20,0.53,0.151
"  7335 (1989 JA)",1.771,0.4841,15.19,61.30,232.31,0.913,2.63,2.36,12029,0,442,0,5,17.53,1.8,0.448
"  7341 (1991 VK)",1.843,0.5062,5.41,294.77,173.51,0.910,2.78,2.5,11144,0,2178,10,3,16.91,0.982,0.235
"  7482 (1994 PC1)",1.349,0.3297,33.48,117.88,47.48,0.904,1.79,1.57,17333,0,1153,2,2,16.58,1.052,0.277
"  7822 (1991 CS)",1.123,0.1646,37.12,156.85,249.47,0.938,1.31,1.19,11378,0,1692,0,4,17.33,1.602,0.075
"  8014 (1990 MF)",1.747,0.4562,1.87,209.85,114.74,0.950,2.54,2.31,11592,0,1254,9,12,18.95,0.7,
"  8566 (1996 EN)",1.506,0.4303,37.98,164.12,125.15,0.858,2.15,1.85,14224,0,1316,,,16.39,1.568,0.217
"  9856 (1991 EE)",2.243,0.6260,9.83,168.10,116.24,0.839,3.65,3.36,10964,0,814,3,1,16.96,1.0,0.3
" 10115 (1992 SK)",1.248,0.3248,15.32,8.90,233.67,0.843,1.65,1.39,24655,0,1578,10,7,17.08,0.938,0.318
" 11500 Tomaiyowit (1989 UR)",1.08,0.3559,10.31,234.41,289.49,0.696,1.46,1.12,10889,0,1201,0,1,18.32,0.738,0.142
" 12538 (1998 OH)",1.542,0.4060,24.53,220.71,321.76,0.916,2.17,1.91,11011,0,2649,0,1,15.92,1.663,0.232
" 12923 Zephyr (1999 GK4)",1.962,0.4923,5.31,168.19,147.09,0.996,2.93,2.75,24435,0,2463,,,15.77,2.060,0.199
" 13651 (1997 BR)",1.336,0.3055,17.25,116.66,133.81,0.927,1.74,1.54,14627,0,964,0,2,17.81,0.562,0.511
" 14827 Hypnos (1986 JK)",2.843,0.6659,1.98,57.94,238.17,0.950,4.74,4.79,12022,0,187,0,10,18.30,0.9,
" 25143 Itokawa (1998 SF36)",1.324,0.2801,1.62,69.08,162.80,0.953,1.70,1.52,8473,0,947,19,18,19.00,0.33,
" 29075 (1950 DA)",1.698,0.5080,12.17,356.65,224.67,0.836,2.56,2.21,26216,0,935,8,4,17.22,2.000,0.070
" 33342 (1998 WT24)",0.7188,0.4176,7.37,81.67,167.54,0.419,1.02,0.609,8489,0,1838,16,1,17.85,0.432,0.654
" 35107 (1991 VH)",1.137,0.1443,13.91,139.35,206.94,0.973,1.30,1.21,10717,0,3917,3,0,16.76,0.929,0.408
" 35396 (1997 XF11)",1.442,0.4839,4.10,213.67,103.03,0.744,2.14,1.73,11682,0,2018,5,1,16.91,0.704,0.772
" 39572 (1993 DQ1)",2.037,0.4922,10.02,313.55,344.84,1.035,3.04,2.91,10595,0,795,,,16.47,1.554,0.184
" 41429 (2000 GE2)",1.593,0.5553,2.17,351.93,297.23,0.708,2.48,2.01,8748,0,364,,,20.38,0.204,0.267
" 52760 (1998 ML14)",2.409,0.6236,2.43,338.72,20.29,0.907,3.91,3.74,8657,0,643,11,7,17.48,1.0,
" 52768 (1998 OR2)",2.382,0.5743,5.87,26.94,174.55,1.014,3.75,3.68,12569,0,5387,3,0,16.00,1.75,
" 53319 (1999 JM8)",2.724,0.6417,13.84,133.62,166.84,0.976,4.47,4.5,11332,0,1367,8,10,15.25,7.,
" 53789 (2000 ED104)",1.371,0.2692,40.79,190.02,218.32,1.002,1.74,1.6,24289,0,896,,,17.33,0.843,0.222
" 65679 (1989 UQ)",0.9148,0.2646,1.30,178.10,15.00,0.673,1.16,0.875,23014,0,726,,,19.46,0.918,0.033
" 65803 Didymos (1996 GT)",1.644,0.3838,3.41,73.20,319.32,1.013,2.28,2.11,9066,0,1046,5,0,18.07,0.78,
" 66391 Moshup (1999 KW4)",0.6424,0.6884,38.88,244.90,192.65,0.200,1.08,0.515,8486,0,3687,37,0,16.59,1.317,
" 68216 (2001 CV26)",1.32,0.3265,17.99,18.14,48.73,0.889,1.75,1.52,7712,0,2376,5,0,16.52,0.994,0.449
" 68346 (2001 KZ66)",1.507,0.4167,16.70,219.38,140.27,0.879,2.14,1.85,15109,0,929,1,1,16.80,0.736,0.291
" 68548 (2001 XR31)",1.707,0.4367,22.72,302.05,24.71,0.961,2.45,2.23,10188,0,688,,,16.61,1.182,0.289
" 68950 (2002 QF15)",1.057,0.3443,25.15,236.22,255.57,0.693,1.42,1.09,24191,0,2881,12,1,16.36,1.650,0.178
" 85182 (1991 AQ)",2.222,0.7767,3.12,339.60,243.00,0.496,3.95,3.31,11203,0,391,5,3,17.07,1.1,0.242
" 85713 (1998 SS49)",1.925,0.6388,10.77,41.05,103.00,0.695,3.16,2.67,8403,0,724,2,0,15.64,3.484,0.076
" 85774 (1998 UT18)",1.403,0.3289,13.59,64.63,50.17,0.942,1.86,1.66,11787,0,763,4,4,19.07,0.939,0.042
" 85989 (1999 JD6)",0.8831,0.6328,17.06,130.17,309.24,0.324,1.44,0.83,10979,0,2964,11,4,17.06,1.462,0.056
" 85990 (1999 JV6)",1.008,0.3112,5.36,124.31,235.54,0.695,1.32,1.01,8320,0,1157,15,0,20.16,0.451,0.095
" 86039 (1999 NC43)",1.76,0.5787,7.13,311.65,120.77,0.741,2.78,2.33,8034,0,1506,,,15.96,2.22,0.14
" 86819 (2000 GK137)",1.996,0.5058,10.06,164.89,150.31,0.987,3.01,2.82,10198,0,814,,,17.37,0.802,0.301
" 88254 (2001 FM129)",1.182,0.6295,1.52,272.14,140.19,0.438,1.93,1.29,15752,0,783,1,1,17.71,0.800,0.252
" 89830 (2002 CE)",2.077,0.5072,43.66,19.90,5.80,1.024,3.13,2.99,14232,0,1345,,,14.98,5.067,0.079
" 89959 (2002 NT7)",1.735,0.5283,42.35,132.02,300.70,0.819,2.65,2.29,24472,0,1043,,,16.44,1.407,0.224
" 90075 (2002 VU94)",2.134,0.5760,8.91,226.76,30.67,0.905,3.36,3.12,24202,0,2924,1,0,15.37,2.233,0.294
" 90403 (2003 YE45)",1.234,0.2800,19.01,286.25,306.79,0.889,1.58,1.37,11694,0,1694,2,2,17.74,0.572,0.493
" 90416 (2003 YK118)",1.695,0.4919,7.84,326.88,233.05,0.861,2.53,2.21,9897,0,894,2,0,18.60,0.968,0.062
" 99248 (2001 KY66)",1.866,0.5077,10.61,284.14,61.53,0.919,2.81,2.55,10902,0,1506,,,16.53,1.115,0.429
" 99942 Apophis (2004 MN4)",0.9227,0.1914,3.34,203.96,126.60,0.746,1.10,0.886,6267,0,7300,20,30,19.09,0.34,0.35
"101955 Bennu (1999 RQ36)",1.126,0.2037,6.03,2.06,66.22,0.897,1.36,1.2,7693,0,554,58,7,20.21,0.482,0.044
"103067 (1999 XA143)",1.843,0.5815,38.55,116.63,104.00,0.771,2.92,2.5,9831,0,933,,,16.80,1.282,0.246
"111253 (2001 XU10)",1.754,0.4397,42.03,310.16,6.96,0.983,2.52,2.32,7740,0,1139,,,15.20,3.006,0.178
"138127 (2000 EE14)",0.6618,0.5332,26.46,155.76,197.84,0.309,1.01,0.538,8045,0,619,,,17.03,0.754,0.449
"140158 (2001 SX169)",1.347,0.4610,2.52,126.80,42.69,0.726,1.97,1.56,7266,0,813,,,18.45,0.566,0.289
"140288 (2001 SN289)",1.784,0.5077,53.23,357.09,225.59,0.878,2.69,2.38,8883,0,387,,,16.72,1.263,0.231
"141432 (2002 CQ11)",0.9762,0.4276,2.47,81.34,272.64,0.559,1.39,0.965,3746,0,472,3,1,20.00,0.239,0.340
"143624 (2003 HM16)",1.967,0.5761,35.59,195.94,47.03,0.834,3.10,2.76,6865,0,946,,,15.89,2.137,0.169
"152671 (1998 HL3)",1.129,0.3660,2.68,163.67,188.14,0.716,1.54,1.2,8711,0,333,,,20.10,0.298,0.200
"152754 (1999 GS6)",1.191,0.4973,2.02,314.44,134.95,0.599,1.78,1.3,7768,0,396,,,19.22,0.414,0.216
"152978 (2000 GJ147)",1.162,0.2367,25.01,57.86,240.81,0.887,1.44,1.25,7583,0,676,,,19.54,0.531,0.109
"153201 (2000 WO107)",0.9112,0.7807,7.77,69.23,213.72,0.200,1.62,0.87,7732,0,982,4,4,19.27,0.510,0.129
"153591 (2001 SN263)",1.986,0.4798,6.70,325.75,173.05,1.033,2.94,2.8,11497,0,2799,1,0,16.97,2,
"153814 (2001 WN5)",1.712,0.4672,1.92,277.42,44.60,0.912,2.51,2.24,9224,0,973,4,0,18.32,0.932,0.097
"154276 (2002 SY50)",1.705,0.6891,8.74,34.11,99.62,0.530,2.88,2.23,6924,0,650,5,2,17.56,1.060,0.143
"159857 (2004 LJ1)",2.263,0.5937,23.14,235.57,139.95,0.919,3.61,3.4,9899,0,2955,,,15.51,3.070,0.130
"161989 Cacus (1978 CA)",1.123,0.2139,26.06,161.23,102.18,0.883,1.36,1.19,16099,0,1187,,,17.15,1.9,0.09
"162000 (1990 OS)",1.679,0.4625,1.09,346.53,21.54,0.902,2.45,2.17,9679,0,416,5,4,19.40,0.4,
"162116 (1998 SA15)",1.916,0.5584,7.11,114.20,331.43,0.846,2.99,2.65,7616,0,76,,,19.20,0.538,0.116
"162510 (2000 QW69)",1.376,0.3023,38.15,344.34,220.70,0.960,1.79,1.61,7777,0,669,,,17.51,1.406,0.089
"162567 (2000 RW37)",1.248,0.2501,13.75,333.30,133.32,0.936,1.56,1.39,7804,0,227,,,19.76,0.335,0.173
"162998 (2001 SK162)",1.925,0.4748,1.68,285.38,186.39,1.011,2.84,2.67,10126,0,1187,,,17.89,0.875,0.161
"163132 (2002 CU11)",1.22,0.2952,48.78,157.75,110.53,0.860,1.58,1.35,7280,0,509,6,8,18.42,0.460,0.408
"163243 (2002 FB3)",0.7616,0.6017,20.28,203.58,148.32,0.303,1.22,0.665,7302,0,936,,,16.52,1.682,0.172
"163348 (2002 NN4)",0.8758,0.4346,5.42,259.45,222.20,0.495,1.26,0.82,6996,0,688,,,20.08,0.735,0.030
"163818 (2003 RX7)",1.229,0.3545,10.39,241.03,245.88,0.793,1.66,1.36,6587,0,672,,,18.47,0.386,0.516
"163899 (2003 SD220)",0.8274,0.2098,8.55,273.79,326.90,0.654,1.00,0.753,8028,0,1445,12,7,17.59,0.791,0.340
"164121 (2003 YT1)",1.11,0.2920,44.06,38.32,91.05,0.786,1.43,1.17,13367,0,1104,7,1,16.21,1.717,0.198
"164207 (2004 GU9)",1.001,0.1360,13.65,38.49,279.69,0.865,1.14,1,7582,0,267,,,21.16,0.163,0.219
"168318 (1989 DA)",2.162,0.5431,6.50,349.12,139.82,0.988,3.34,3.18,6990,0,58,,,18.90,0.9,
"175706 (1996 FG3)",1.054,0.3497,1.99,299.68,24.08,0.685,1.42,1.08,13176,0,1697,6,1,18.32,1.196,0.072
"185851 (2000 DP107)",1.365,0.3766,8.67,358.68,289.78,0.851,1.88,1.6,8032,0,1409,21,2,18.21,0.863,0.137
"187040 (2005 JS108)",1.356,0.3225,6.04,110.86,243.89,0.919,1.79,1.58,7033,0,493,,,19.15,0.430,0.199
"194268 (2001 UY4)",1.453,0.7873,5.44,160.74,107.77,0.309,2.60,1.75,6639,0,452,,,18.20,1.244,0.055
"206378 (2003 RB)",1.788,0.4391,6.72,317.15,44.03,1.003,2.57,2.39,6939,0,1392,5,3,18.69,0.376,0.414
"207945 (1991 JW)",1.039,0.1187,8.71,53.86,301.94,0.916,1.16,1.06,20491,0,337,,,19.30,0.423,0.161
"215588 (2003 HF2)",1.114,0.6754,3.06,189.88,231.03,0.362,1.87,1.18,6995,0,379,11,0,19.38,0.488,0.118
"217628 Lugh (1990 HA)",2.533,0.7116,4.43,177.82,316.04,0.730,4.34,4.03,21436,0,127,,,16.62,1.4,
"221980 (1996 EO)",1.341,0.4006,21.59,356.48,64.69,0.804,1.88,1.55,8942,0,127,,,19.00,0.432,0.200
"226554 (2003 WR21)",1.119,0.2614,9.27,85.83,107.97,0.826,1.41,1.18,9829,0,281,1,1,19.50,0.482,0.125
"230549 (2003 BH)",1.457,0.3560,13.11,119.77,313.38,0.938,1.97,1.76,5954,0,161,,,20.50,0.217,0.216
"231937 (2001 FO32)",1.699,0.8260,39.00,181.72,123.37,0.296,3.10,2.21,7304,0,245,0,2,17.58,0.55,
"234145 (2000 EW70)",0.9376,0.3213,5.43,178.04,125.78,0.636,1.24,0.908,6939,0,405,4,6,21.39,0.344,0.045
"235756 (2004 VC)",1.133,0.2588,39.15,194.16,94.18,0.840,1.43,1.21,10600,0,350,1,0,18.65,1.136,0.042
"242450 (2004 QY2)",1.084,0.4771,37.03,295.29,104.97,0.567,1.60,1.13,6405,0,643,1,0,14.83,2.914,0.274
"242643 (2005 NZ6)",1.833,0.8650,8.42,38.81,48.96,0.247,3.42,2.48,5494,0,622,6,3,17.38,1.989,0.041
"243566 (1995 SA)",2.459,0.6408,19.94,170.32,52.82,0.883,4.03,3.86,10899,0,526,,,17.35,0.881,0.091
"244977 (2004 BE68)",1.76,0.4445,15.74,210.89,191.24,0.978,2.54,2.34,6316,0,336,,,18.41,0.495,0.235
"250620 (2005 GE59)",2.108,0.6024,16.08,194.76,243.02,0.838,3.38,3.06,5603,0,634,,,18.03,0.654,0.260
"250680 (2005 QC5)",0.8931,0.3646,9.45,48.07,108.71,0.567,1.22,0.844,15690,0,116,,,19.63,0.398,0.147
"250706 (2005 RR6)",2.959,0.7002,6.93,27.30,59.94,0.887,5.03,5.09,5639,0,399,,,18.49,0.535,0.322
"252399 (2001 TX44)",0.8748,0.5460,15.21,57.78,136.01,0.397,1.35,0.818,6950,0,285,,,19.43,0.291,0.478
"263976 (2009 KD5)",1.046,0.2614,13.47,104.50,294.33,0.773,1.32,1.07,22984,0,758,,,18.40,0.785,0.125
"264357 (2000 AZ93)",0.7469,0.3599,8.59,277.36,8.15,0.478,1.02,0.646,8000,0,155,4,1,21.07,0.113,0.037
"265196 (2004 BW58)",1.455,0.3785,15.21,132.63,301.84,0.904,2.01,1.75,5975,0,387,,,18.77,0.361,0.310
"267221 (2001 AD2)",1.04,0.6600,1.64,210.56,111.93,0.354,1.73,1.06,6976,0,436,,,19.73,0.562,0.097
"267337 (2001 VK5)",1.269,0.5141,19.43,54.23,263.93,0.617,1.92,1.43,7354,0,749,0,1,18.03,0.439,0.578
"269690 (1996 RG3)",2.002,0.6033,3.58,158.06,300.24,0.794,3.21,2.83,7554,0,240,,,18.40,0.888,0.098
"277570 (2005 YP180)",1.372,0.6171,4.11,288.95,92.39,0.525,2.22,1.61,5899,0,233,,,19.20,0.439,0.177
"294739 (2008 CM)",1.566,0.4079,36.01,279.56,130.66,0.927,2.20,1.96,5055,0,1555,7,1,17.09,0.740,0.425
"297274 (1996 SK)",2.443,0.7912,1.97,195.70,286.21,0.510,4.38,3.82,8361,0,464,,,16.80,1.199,0.234
"297300 (1998 SC15)",1.273,0.4145,16.08,198.69,277.51,0.745,1.80,1.44,8444,0,546,1,2,19.34,0.320,
"297418 (2000 SP43)",0.8115,0.4668,10.35,350.56,224.43,0.433,1.19,0.731,7331,0,877,0,1,18.60,0.407,0.388
"301844 (1990 UA)",1.642,0.5262,0.93,104.27,202.60,0.778,2.51,2.1,7703,0,185,,,19.60,0.4,
"303450 (2005 BY2)",1.269,0.3307,7.29,74.46,130.22,0.849,1.69,1.43,6201,0,187,,,20.44,0.187,0.317
"304330 (2006 SX217)",1.412,0.3102,21.04,32.61,176.18,0.974,1.85,1.68,7344,0,300,13,3,18.95,0.780,0.080
"307493 (2002 XP90)",2.08,0.5859,23.11,78.57,324.15,0.861,3.30,3,6695,0,300,,,18.57,1.666,0.023
"308635 (2005 YU55)",1.157,0.4305,0.34,35.93,273.57,0.659,1.66,1.24,5857,0,4010,9,10,21.65,0.4,
"310560 (2001 QL142)",1.049,0.4990,26.61,165.58,72.12,0.526,1.57,1.08,15682,0,213,0,1,17.70,0.654,0.313
"312070 (2007 TA19)",0.9539,0.5095,22.63,181.19,58.04,0.468,1.44,0.932,5138,0,132,,,19.44,0.595,0.087
"333578 (2006 KM103)",1.573,0.3767,11.68,169.46,197.00,0.981,2.17,1.97,7582,0,331,4,3,20.13,0.204,0.352
"341843 (2008 EV5)",0.9582,0.0835,7.44,93.37,235.01,0.878,1.04,0.938,768,1,1005,4,0,20.00,0.40,0.137
"349068 (2006 YT13)",1.323,0.4258,38.24,116.72,105.46,0.760,1.89,1.52,5557,0,362,,,18.30,0.496,0.343
"357022 (1999 YG3)",1.285,0.3296,34.52,293.27,250.21,0.861,1.71,1.46,7999,0,315,,,19.05,0.432,0.217
"357024 (1999 YR14)",1.651,0.4001,3.73,2.99,9.67,0.991,2.31,2.12,7480,0,1275,7,0,19.45,0.255,0.430
"360191 (1988 TA)",1.54,0.4786,2.53,194.66,105.28,0.803,2.28,1.91,8984,0,300,5,4,20.60,0.4,
"363024 (1998 OK1)",1.356,0.4293,13.99,109.66,298.61,0.774,1.94,1.58,8323,0,259,3,0,19.42,0.558,0.099
"363027 (1998 ST27)",0.8194,0.5300,21.06,197.53,322.48,0.385,1.25,0.742,8421,0,573,6,1,19.64,0.578,0.059
"363505 (2003 UC20)",0.7811,0.3369,3.80,188.36,59.75,0.518,1.04,0.69,24479,0,597,1,4,18.33,1.876,0.029
"363599 (2004 FG11)",1.587,0.7238,3.13,83.75,228.51,0.438,2.74,2,6558,0,347,4,4,21.03,0.152,0.306
"363831 (2005 PY16)",1.975,0.5254,6.42,159.32,193.50,0.937,3.01,2.78,5299,0,236,,,19.22,0.371,0.268
"365071 (2009 AV)",1.03,0.0739,45.87,150.74,322.11,0.954,1.11,1.04,2079,0,955,1,0,18.10,0.674,0.246
"365424 (2010 KX7)",0.9894,0.1709,21.49,46.47,61.92,0.820,1.16,0.984,1102,1,83,1,1,21.90,0.212,0.075
"366774 (2004 TB18)",1.815,0.4508,13.20,120.99,13.22,0.997,2.63,2.44,6255,0,581,,,17.64,0.859,0.199
"367248 (2007 MK13)",1.025,0.1398,19.88,95.09,259.95,0.881,1.17,1.04,2183,1,299,,,20.00,0.386,0.119
"369264 (2009 MS)",2.005,0.5696,52.36,252.05,219.54,0.863,3.15,2.84,4023,0,286,3,2,16.37,1.515,0.232
"371660 (2007 CN26)",1.293,0.2691,7.58,159.29,135.68,0.945,1.64,1.47,4709,0,278,7,5,21.00,0.230,0.160
"373135 (2011 SD173)",1.653,0.4973,4.39,203.13,59.49,0.831,2.47,2.12,6998,0,206,,,19.50,1.050,0.025
"377732 (2005 XJ8)",1.93,0.6215,23.58,115.95,67.31,0.731,3.13,2.68,5946,0,559,,,17.04,0.986,0.288
"381906 (2010 CL19)",1.543,0.6457,7.31,243.81,76.80,0.547,2.54,1.92,7680,0,807,2,0,17.84,0.520,0.451
"385186 (1994 AW1)",1.105,0.0758,24.10,290.36,37.02,1.022,1.19,1.16,12815,0,1765,3,0,17.56,0.811,0.223
"385343 (2002 LV)",2.315,0.6052,29.54,132.17,224.19,0.914,3.72,3.52,7214,0,1491,,,16.58,1.359,0.334
"386454 (2008 XM)",1.222,0.9091,5.44,240.60,27.40,0.111,2.33,1.35,1884,0,89,,,20.00,0.367,0.128
"386847 (2010 LR33)",1.692,0.4625,5.83,352.09,333.21,0.909,2.47,2.2,7595,0,338,,,18.09,0.663,0.211
"387505 (1998 KN3)",1.542,0.8734,2.29,313.36,71.11,0.195,2.89,1.92,8419,0,333,,,18.43,1.060,0.074
"387746 (2003 MH4)",1.964,0.5136,3.88,259.82,323.01,0.955,2.97,2.75,4236,0,282,,,20.00,0.366,0.132
"389694 (2011 QD48)",1.545,0.4921,19.07,358.80,106.80,0.785,2.31,1.92,2940,0,728,,,18.10,0.451,0.456
"390725 (2003 HB)",0.8497,0.3805,18.11,70.37,306.75,0.526,1.17,0.783,6600,0,275,,,19.69,0.293,0.271
"391211 (2006 HZ51)",1.897,0.4499,12.41,84.28,193.39,1.044,2.75,2.61,6378,0,157,,,18.53,0.412,0.415
"395207 (2010 HQ80)",1.568,0.4893,27.85,218.47,66.32,0.801,2.34,1.96,3882,0,258,,,19.66,0.724,0.022
"398188 Agni (2010 LE15)",0.8643,0.2734,13.25,134.22,328.64,0.628,1.10,0.804,6249,0,398,7,6,19.40,0.462,0.137
"409836 (2006 QY110)",1.924,0.5740,6.40,222.64,221.61,0.820,3.03,2.67,5010,0,163,,,18.11,0.554,0.331
"410778 (2009 FG19)",2.911,0.7197,54.51,187.52,120.41,0.816,5.01,4.97,3845,0,256,4,1,18.13,1.457,0.048
"411165 (2010 DF1)",1.598,0.5026,20.09,154.87,101.78,0.795,2.40,2.02,3846,0,119,,,21.98,0.159,0.121
"414286 (2008 OC6)",0.923,0.1992,21.85,177.60,295.87,0.739,1.11,0.887,4779,0,224,,,18.63,0.369,0.471
"414287 (2008 OB9)",3.205,0.7588,13.50,202.71,238.55,0.773,5.64,5.74,4671,0,327,,,17.70,1.974,0.038
"416801 (2005 GC120)",1.194,0.4976,16.53,67.94,258.29,0.600,1.79,1.3,6181,0,278,0,1,19.59,0.906,0.031
"417634 (2006 XG1)",2.457,0.5960,20.50,38.47,344.09,0.992,3.92,3.85,2956,0,165,,,18.50,0.418,0.154
"418094 (2007 WV4)",1.486,0.4411,38.33,249.88,297.64,0.831,2.14,1.81,4024,0,359,7,3,19.60,0.890,0.042
"419472 (2010 DW1)",1.225,0.2003,23.77,157.12,9.65,0.980,1.47,1.36,6957,0,293,,,20.00,0.459,0.088
"419624 (2010 SO16)",1.004,0.0754,14.52,40.36,109.18,0.928,1.08,1.01,1928,0,227,,,20.51,0.357,0.084
"419880 (2011 AH37)",2.546,0.6720,9.66,102.07,322.36,0.835,4.26,4.06,2981,0,173,,,19.70,0.982,0.026
"422686 (2000 AC6)",0.8537,0.2864,4.70,101.37,188.08,0.609,1.10,0.789,8040,0,305,,,21.49,0.176,0.143
"422699 (2000 PD3)",1.998,0.5919,7.70,298.67,110.17,0.815,3.18,2.82,7560,0,514,,,18.16,0.619,0.220
"423321 (2005 ED318)",1.85,0.4494,2.39,82.06,164.20,1.019,2.68,2.52,5435,0,601,1,1,20.80,0.202,0.212
"433953 (1997 XR2)",1.076,0.2008,7.19,250.67,84.64,0.860,1.29,1.12,7014,0,421,6,2,20.70,0.259,0.115
"434096 (2002 GO5)",1.895,0.7677,13.77,22.63,65.34,0.440,3.35,2.61,5608,0,242,,,18.10,0.528,0.431
"434633 (2005 WB1)",1.264,0.3554,22.88,61.42,265.72,0.815,1.71,1.42,3625,0,112,,,20.90,0.310,0.039
"436329 (2010 GX62)",2.961,0.7030,21.73,207.29,316.81,0.880,5.04,5.1,1983,0,179,,,20.10,0.622,0.012
"436671 (2011 SV71)",2.626,0.6107,13.42,80.62,190.51,1.022,4.23,4.26,6195,0,197,,,17.90,2.159,0.024
"441987 (2010 NY65)",1.003,0.3704,11.55,267.96,251.91,0.631,1.37,1,4021,0,907,14,3,21.39,0.228,0.071
"442037 (2010 PR66)",2.928,0.6868,17.59,292.75,319.52,0.917,4.94,5.01,3691,0,603,4,0,19.21,0.695,0.063
"443806 (1998 FL3)",1.26,0.2477,26.39,180.11,121.33,0.948,1.57,1.41,8751,0,49,,,22.00,0.288,0.034
"443880 (2001 UZ16)",1.759,0.4264,12.68,323.14,28.59,1.009,2.51,2.33,5210,0,267,2,1,19.40,0.228,0.593
"444193 (2005 SE71)",1.069,0.1944,24.83,39.11,78.30,0.862,1.28,1.11,5379,0,464,1,1,18.14,0.437,0.503
"445305 (2010 DM56)",1.306,0.2925,25.60,349.62,48.16,0.924,1.69,1.49,4395,0,238,,,19.76,0.762,0.025
"451124 (2009 KC3)",3.206,0.6994,10.02,340.08,337.30,0.964,5.45,5.74,2394,1,456,11,8,18.00,2.188,0.023
"453707 (2010 XY72)",1.133,0.2288,31.48,34.43,307.01,0.874,1.39,1.21,3985,0,427,,,18.80,0.495,0.261
"454094 (2013 BZ45)",1.015,0.1447,11.85,131.07,98.70,0.868,1.16,1.02,2386,0,174,5,1,21.90,0.167,0.110
"454100 (2013 BO73)",1.331,0.4184,4.54,24.78,298.15,0.774,1.89,1.54,3237,0,273,,,20.18,0.548,0.054
"455299 (2002 EL6)",2.302,0.5768,9.51,84.94,186.56,0.974,3.63,3.49,5345,0,479,,,18.00,0.537,0.386
"458436 (2011 AL52)",2.804,0.6355,13.43,272.70,171.74,1.022,4.59,4.7,1925,0,145,,,17.40,1.102,0.159
"459683 (2013 MY5)",1.662,0.4532,3.00,102.89,279.00,0.909,2.41,2.14,955,0,180,,,19.70,0.269,0.322
"462238 (2008 CN1)",0.7707,0.3477,7.22,331.46,7.25,0.503,1.04,0.677,2945,1,546,,,20.60,0.227,0.197
"468468 (2004 KH17)",0.7121,0.4983,22.12,79.14,340.70,0.357,1.07,0.601,5473,0,213,1,0,21.90,0.197,0.072
"468727 (2010 JE87)",0.9042,0.4371,16.91,120.49,242.30,0.509,1.30,0.86,4326,0,178,0,2,20.80,0.308,0.108
"469445 (2002 LT24)",0.72,0.4958,0.76,166.11,282.68,0.363,1.08,0.611,6942,0,200,,,22.05,0.143,0.136
"471241 (2011 BX18)",2.876,0.7294,14.55,310.89,303.95,0.778,4.97,4.88,3932,0,488,1,0,18.24,1.451,0.044
"477519 (2010 DJ56)",1.25,0.2453,34.85,149.93,309.28,0.943,1.56,1.4,6379,0,185,,,19.23,0.321,0.327
"480936 (2003 QH5)",1.26,0.2201,17.62,299.23,321.16,0.982,1.54,1.41,6199,0,257,1,0,20.23,0.537,0.056
"483508 (2003 CR1)",1.453,0.4629,12.72,310.96,101.95,0.781,2.13,1.75,5143,0,179,,,20.10,0.202,0.433
"484402 (2007 XH16)",1.187,0.2349,27.43,91.28,58.33,0.908,1.47,1.29,4929,0,449,1,1,19.68,0.452,0.125
"488789 (2004 XK50)",1.451,0.6888,38.21,94.12,103.96,0.452,2.45,1.75,5120,0,107,,,19.30,1.039,0.038
"490581 (2009 WZ104)",0.8554,0.1927,9.83,263.26,10.55,0.691,1.02,0.791,4417,1,1177,0,1,19.96,0.237,0.314
"496816 (1989 UP)",1.861,0.4721,3.86,53.17,17.81,0.982,2.74,2.54,10387,0,344,0,1,20.50,0.3,
"496817 (1989 VB)",1.861,0.4603,2.19,37.84,330.89,1.005,2.72,2.54,10280,0,291,4,2,19.90,0.4,
"499582 (2010 TH19)",1.464,0.3101,6.82,254.22,201.50,1.010,1.92,1.77,3508,0,180,,,20.51,0.461,0.044
"503941 (2003 UV11)",1.454,0.7631,5.93,31.84,124.87,0.344,2.56,1.75,7689,0,884,8,6,19.50,0.260,0.376
"504800 (2010 CO1)",1.013,0.2178,24.02,351.57,252.68,0.792,1.23,1.02,3568,1,131,,,21.90,0.380,0.032
"505657 (2014 SR339)",1.3,0.3038,29.80,138.76,299.62,0.905,1.69,1.48,2445,0,779,5,1,18.54,0.971,0.068
"506074 (2015 UM67)",1.558,0.6871,6.01,150.07,132.24,0.487,2.63,1.94,2228,0,390,,,18.95,0.665,0.110
"510055 (2010 FH81)",1.226,0.2104,16.79,84.62,158.26,0.968,1.48,1.36,4265,0,90,,,21.57,0.200,0.094
"511008 (2013 PX6)",2.597,0.6512,13.66,187.40,229.65,0.906,4.29,4.18,2998,0,442,,,18.50,1.647,0.028
"511684 (2015 BN509)",1.007,0.5683,4.15,120.11,143.19,0.435,1.58,1.01,5924,0,560,5,2,20.82,0.315,0.093
"523589 (2001 HA4)",2.688,0.7934,17.18,354.06,95.64,0.555,4.82,4.41,6306,0,125,,,17.70,1.851,0.047
"523664 (2012 OD1)",0.8287,0.5027,42.27,303.74,224.36,0.412,1.25,0.754,3340,0,744,,,18.54,0.346,0.536
"523775 (2014 YB35)",1.876,0.4840,12.65,3.73,188.63,0.968,2.78,2.57,1965,0,735,1,2,19.00,0.279,0.569
"523816 (2009 ST103)",2.699,0.7186,15.74,226.53,234.63,0.759,4.64,4.43,6790,0,140,,,18.10,0.851,0.141
"529668 (2010 JL33)",2.68,0.7350,5.38,52.46,309.85,0.710,4.65,4.39,8309,0,699,3,1,17.71,1.778,0.047
"529753 (2010 MF1)",2.499,0.5885,9.10,286.95,27.87,1.028,3.97,3.95,3100,0,636,,,19.60,0.363,0.178
"533722 (2014 NE52)",2.385,0.6586,3.86,54.53,337.56,0.814,3.96,3.68,1794,1,313,,,18.00,0.701,0.249
"538212 (2016 CA136)",2.031,0.7813,1.26,239.86,124.88,0.444,3.62,2.9,2506,0,253,,,19.39,0.654,0.079
